{
  "logout-0" : {
    "transaction" : "logout-0",
    "sampleCount" : 598,
    "errorCount" : 0,
    "errorPct" : 0.0,
    "meanResTime" : 979.1036789297663,
    "minResTime" : 2.0,
    "maxResTime" : 3598.0,
    "pct1ResTime" : 2444.2000000000003,
    "pct2ResTime" : 2807.3499999999995,
    "pct3ResTime" : 3353.05,
    "throughput" : 16.975133416600432,
    "receivedKBytesPerSec" : 115.65967367931758,
    "sentKBytesPerSec" : 12.532422717724536
  },
  "catalog" : {
    "transaction" : "catalog",
    "sampleCount" : 1843,
    "errorCount" : 0,
    "errorPct" : 0.0,
    "meanResTime" : 681.9034183396628,
    "minResTime" : 2.0,
    "maxResTime" : 6541.0,
    "pct1ResTime" : 1549.800000000001,
    "pct2ResTime" : 2917.199999999999,
    "pct3ResTime" : 4969.799999999997,
    "throughput" : 44.47715809542196,
    "receivedKBytesPerSec" : 579.9432016148008,
    "sentKBytesPerSec" : 12.378896540229746
  },
  "book" : {
    "transaction" : "book",
    "sampleCount" : 1516,
    "errorCount" : 0,
    "errorPct" : 0.0,
    "meanResTime" : 919.752638522427,
    "minResTime" : 5.0,
    "maxResTime" : 6729.0,
    "pct1ResTime" : 2635.5,
    "pct2ResTime" : 3746.0,
    "pct3ResTime" : 5446.719999999994,
    "throughput" : 38.01785535158993,
    "receivedKBytesPerSec" : 719.7290604781072,
    "sentKBytesPerSec" : 10.64033366718076
  },
  "book-0" : {
    "transaction" : "book-0",
    "sampleCount" : 1516,
    "errorCount" : 0,
    "errorPct" : 0.0,
    "meanResTime" : 732.1879947229548,
    "minResTime" : 5.0,
    "maxResTime" : 3551.0,
    "pct1ResTime" : 1786.8999999999999,
    "pct2ResTime" : 2341.949999999998,
    "pct3ResTime" : 2848.2999999999993,
    "throughput" : 38.249987384568804,
    "receivedKBytesPerSec" : 724.1236316199476,
    "sentKBytesPerSec" : 10.705302147461776
  },
  "login-1" : {
    "transaction" : "login-1",
    "sampleCount" : 1000,
    "errorCount" : 0,
    "errorPct" : 0.0,
    "meanResTime" : 1452.2029999999984,
    "minResTime" : 89.0,
    "maxResTime" : 4686.0,
    "pct1ResTime" : 3152.9,
    "pct2ResTime" : 3444.7999999999997,
    "pct3ResTime" : 3923.6200000000003,
    "throughput" : 24.037305898754866,
    "receivedKBytesPerSec" : 321.4285446012211,
    "sentKBytesPerSec" : 14.854585566799674
  },
  "login-0" : {
    "transaction" : "login-0",
    "sampleCount" : 1000,
    "errorCount" : 0,
    "errorPct" : 0.0,
    "meanResTime" : 197.59799999999993,
    "minResTime" : 1.0,
    "maxResTime" : 2131.0,
    "pct1ResTime" : 669.8,
    "pct2ResTime" : 877.7499999999997,
    "pct3ResTime" : 1233.9,
    "throughput" : 26.182122846520397,
    "receivedKBytesPerSec" : 127.25432168665235,
    "sentKBytesPerSec" : 5.906318728072471
  },
  "login" : {
    "transaction" : "login",
    "sampleCount" : 1000,
    "errorCount" : 0,
    "errorPct" : 0.0,
    "meanResTime" : 1751.3250000000012,
    "minResTime" : 90.0,
    "maxResTime" : 14197.0,
    "pct1ResTime" : 3678.3999999999996,
    "pct2ResTime" : 4075.5999999999995,
    "pct3ResTime" : 9674.540000000003,
    "throughput" : 23.576564894494872,
    "receivedKBytesPerSec" : 429.8578775197454,
    "sentKBytesPerSec" : 19.88839811976895
  },
  "Home-0" : {
    "transaction" : "Home-0",
    "sampleCount" : 1000,
    "errorCount" : 0,
    "errorPct" : 0.0,
    "meanResTime" : 266.4709999999999,
    "minResTime" : 2.0,
    "maxResTime" : 2149.0,
    "pct1ResTime" : 786.0,
    "pct2ResTime" : 1147.8999999999999,
    "pct3ResTime" : 1798.2400000000007,
    "throughput" : 29.192818566632607,
    "receivedKBytesPerSec" : 191.32129433659318,
    "sentKBytesPerSec" : 6.442946285213837
  },
  "Book category" : {
    "transaction" : "Book category",
    "sampleCount" : 1682,
    "errorCount" : 0,
    "errorPct" : 0.0,
    "meanResTime" : 709.0065398335322,
    "minResTime" : 1.0,
    "maxResTime" : 8375.0,
    "pct1ResTime" : 1636.1000000000001,
    "pct2ResTime" : 3150.9499999999994,
    "pct3ResTime" : 5143.220000000005,
    "throughput" : 41.72454852153205,
    "receivedKBytesPerSec" : 397.5606722641521,
    "sentKBytesPerSec" : 7.537254338038302
  },
  "Book category-0" : {
    "transaction" : "Book category-0",
    "sampleCount" : 1682,
    "errorCount" : 0,
    "errorPct" : 0.0,
    "meanResTime" : 551.3032104637338,
    "minResTime" : 1.0,
    "maxResTime" : 3132.0,
    "pct1ResTime" : 1371.8000000000002,
    "pct2ResTime" : 1804.8999999999987,
    "pct3ResTime" : 2277.6700000000037,
    "throughput" : 42.249629499384596,
    "receivedKBytesPerSec" : 402.563759270365,
    "sentKBytesPerSec" : 7.632106625681344
  },
  "review-1" : {
    "transaction" : "review-1",
    "sampleCount" : 1087,
    "errorCount" : 0,
    "errorPct" : 0.0,
    "meanResTime" : 785.2005519779214,
    "minResTime" : 3.0,
    "maxResTime" : 3606.0,
    "pct1ResTime" : 1768.2000000000003,
    "pct2ResTime" : 2189.6,
    "pct3ResTime" : 2950.8399999999992,
    "throughput" : 29.087503344929086,
    "receivedKBytesPerSec" : 553.2522640988761,
    "sentKBytesPerSec" : 9.47615797263848
  },
  "logout" : {
    "transaction" : "logout",
    "sampleCount" : 598,
    "errorCount" : 0,
    "errorPct" : 0.0,
    "meanResTime" : 1122.6321070234117,
    "minResTime" : 2.0,
    "maxResTime" : 7728.0,
    "pct1ResTime" : 2815.7000000000003,
    "pct2ResTime" : 3754.25,
    "pct3ResTime" : 5768.0499999999965,
    "throughput" : 16.02830416253451,
    "receivedKBytesPerSec" : 109.20847474805008,
    "sentKBytesPerSec" : 11.833396432496182
  },
  "review-0" : {
    "transaction" : "review-0",
    "sampleCount" : 1323,
    "errorCount" : 0,
    "errorPct" : 0.0,
    "meanResTime" : 2076.2592592592596,
    "minResTime" : 40.0,
    "maxResTime" : 8348.0,
    "pct1ResTime" : 4128.800000000001,
    "pct2ResTime" : 4843.799999999999,
    "pct3ResTime" : 6118.92,
    "throughput" : 33.771537970644545,
    "receivedKBytesPerSec" : 463.55406429483094,
    "sentKBytesPerSec" : 36.38179542916401
  },
  "review" : {
    "transaction" : "review",
    "sampleCount" : 1323,
    "errorCount" : 0,
    "errorPct" : 0.0,
    "meanResTime" : 3322.0922146636426,
    "minResTime" : 59.0,
    "maxResTime" : 16192.0,
    "pct1ResTime" : 6858.800000000005,
    "pct2ResTime" : 8766.4,
    "pct3ResTime" : 11707.92,
    "throughput" : 33.36780246664481,
    "receivedKBytesPerSec" : 979.4639859296577,
    "sentKBytesPerSec" : 44.87832881976847
  },
  "Total" : {
    "transaction" : "Total",
    "sampleCount" : 12049,
    "errorCount" : 0,
    "errorPct" : 0.0,
    "meanResTime" : 1135.8530998423105,
    "minResTime" : 1.0,
    "maxResTime" : 16192.0,
    "pct1ResTime" : 3031.0,
    "pct2ResTime" : 4032.0,
    "pct3ResTime" : 7620.5,
    "throughput" : 282.4756769429141,
    "receivedKBytesPerSec" : 3566.4868613365957,
    "sentKBytesPerSec" : 121.77513443617396
  },
  "catalog-0" : {
    "transaction" : "catalog-0",
    "sampleCount" : 1843,
    "errorCount" : 0,
    "errorPct" : 0.0,
    "meanResTime" : 549.698860553446,
    "minResTime" : 2.0,
    "maxResTime" : 2627.0,
    "pct1ResTime" : 1332.6000000000008,
    "pct2ResTime" : 1745.1999999999998,
    "pct3ResTime" : 2255.5999999999995,
    "throughput" : 45.714994418950766,
    "receivedKBytesPerSec" : 596.083503542416,
    "sentKBytesPerSec" : 12.723411532618133
  },
  "Home" : {
    "transaction" : "Home",
    "sampleCount" : 1000,
    "errorCount" : 0,
    "errorPct" : 0.0,
    "meanResTime" : 266.47099999999995,
    "minResTime" : 2.0,
    "maxResTime" : 2149.0,
    "pct1ResTime" : 786.0,
    "pct2ResTime" : 1147.8999999999999,
    "pct3ResTime" : 1798.2400000000007,
    "throughput" : 32.176067441037354,
    "receivedKBytesPerSec" : 210.87264511406414,
    "sentKBytesPerSec" : 7.101358634447697
  }
}